彈彈堂 King Arms 6吋 Python 357 Custom I 左輪手槍-KA-PG-01-C1-L,"$3,200"
彈彈堂 King Arms 4吋Python 357 Custom I CO2左輪-KA-PG-01-C1-M,"$3,080"
彈彈堂 King Arms2.5吋Python 357Custom I CO2左輪-KA-PG-01-C1-S,"$2,970"
晶予玩具槍~KWC全金屬4吋派森PYTHON 357左輪槍CO2動力版M357復古黑色6MM手槍BB彈KC-67,"$2,450"
~BB泳裝~ arena X-PYTHON 競賽款連身三角泳衣 FAR-2503WNLCV,"$3,980"
~BB泳裝~ arena X-PYTHON 兒童競賽款連身三角泳衣 FAR-2503WNJCV,"$3,900"
~BB泳裝~ arena X-PYTHON UNX-D兒童競賽型泳衣 FAR-2507WJCV,"$4,220"
晶予玩具槍~KWC全金屬2.5吋派森PYTHON 357左輪槍CO2動力版M357復古黑色6MM手槍BB彈KC-66,"$2,350"
[INMS] Nike Air Max 90 Python 男女鞋 綠 CD0916-001 灰 CD0916-100,"$3,510"
【WKT】King Arms Python 357 手槍系列專用彈殼 單顆-KA-PP-06,$120
懷特◇Nike Air Max 90 QS “Python” 黑蛇紋 男鞋 慢跑鞋 CD0916-100◇,"$3,350"
懷特◇Nike Air Max 90 QS “Python” 綠蛇紋 男鞋 慢跑鞋 CD0916-001◇,"$3,350"
=CodE= NIKE AIR PYTHON PRM 鱷魚紋皮革籃球鞋(珍珠白) 705066-101 手套 男 SAL,"$1,900"
Nike Air PYTHON SP 中筒蛇皮 Us8.5 極致二手美品 jordan 1 nmd force 參考,$990
小豬豬的寶貝樹莓派3代B+ 2.4G/5G4.2 POE擴展功能Python電腦編程學習套件藍牙,"$5,845"
(武莊)King Arms2.5吋Python 357Custom I CO2左輪-KA-PG-01-C1-S,"$2,970"
姍姍小舖☆歐美進口鞋館☆VIONIC法歐尼☆Python徘登/黑色,"$3,580"
姍姍小舖☆歐美進口鞋館☆VIONIC法歐尼☆Python徘登/灰色,"$3,580"
【RS只賣正品】Nike Air Max 90 QS Python 黑蛇紋 慢跑鞋 CD0916-100,"$4,280"
【RS只賣正品】Nike Air Max 90 QS Python 綠蛇紋 男鞋 慢跑鞋 CD0916-001,"$3,980"
武魅孃 King Arms Python 357 手槍系列專用彈殼 單顆-KA-PP-06,$120
武魅孃 KingArms6吋左輪 戰術魚骨版Python357 Evil瓦斯槍 黑-KA-PG-04-BK-G,"$4,290"
武魅孃 預購King Arms 6吋左輪 Python 357/P357 瓦斯槍-KA-PG-01-L-G,"$3,680"
全新 DSMNY x Nike Air Python Lux - US9,"$2,000"
Arena ARN-8045M 競賽泳褲 男用 18SS春夏新款 日本製 FINA競賽款 X-PYTHON2 緊密貼合 低水阻,"$2,990"
Nike Air Python PRM Gym Red 705066-600全紅皮蟒蛇紋鱷魚紋Yeezy紅鷹紅椰子果凍底,"$3,880"
WACKO MARIA FW19 PYTHON LEATHER KEY HOLDER 兩色,"$4,180"
~BB泳裝~ arena X-PYTHON 兒童競賽款連身三角泳衣 FAR-2503WJC,"$3,900"
【武雄】King Arms 6吋 Python 357 Custom I 左輪手槍-KA-PG-01-C1-L,"$3,200"
【武雄】King Arms 4吋Python 357 Custom I CO2左輪-KA-PG-01-C1-M,"$3,080"
【武雄】King Arms2.5吋Python 357Custom I CO2左輪-KA-PG-01-C1-S,"$2,970"
大鼻子樂器 德國製 Meinl 迷你 金杯鼓 4.5吋 HDJ5 -XXS 現貨供應 非洲鼓 PYTHON 手鼓,"$1,500"
二手 Nike Air Python LUX SP 632631 112 高筒 咖啡色蛇紋 籃球鞋  US 10.5,"$3,000"
【武雄】預購King Arms 6吋左輪 Python 357/P357 瓦斯槍-KA-PG-01-L-G,"$3,680"
Funny GUNKing Arms Python 357 手槍系列專用彈殼 單顆-KA-PP-06,$120
Funny GUNKingArms6吋左輪 戰術魚骨版Python357 Evil瓦斯槍 黑-KA-PG-04-BK-G,"$4,290"
Funny GUN預購King Arms 6吋左輪 Python 357/P357 瓦斯槍-KA-PG-01-L-G,"$3,680"
Nike Air Max 90 QS “Python” 男鞋 慢跑鞋  黑綠蛇紋 CD0916-001,"$3,600"
Nike Air Max 90 QS “Python” 男鞋 慢跑鞋  灰黑蛇紋 CD0916-100,"$3,600"
華山玩具King Arms 6吋左輪 Python 357/P357 瓦斯槍 黑色,"$3,680"
"UHC 6吋左輪手槍 空氣槍 (BB槍BB彈玩具槍瓦斯槍蟒蛇牛仔城市獵人M29左輪槍6""PYTHON M357 M586",$650
"UHC 4吋左輪手槍 空氣槍 (BB槍BB彈玩具槍瓦斯槍蟒蛇牛仔城市獵人M29左輪槍4""PYTHON M357 M586",$650
"UHC 4吋左輪手槍 空氣槍 S (BB槍BB彈瓦斯槍蟒蛇牛仔城市獵人M29左輪槍4""PYTHON M357 M586",$650
NIKE Air Python Premium Red yeezy 紅鷹可參考 皮革紋 鱷魚皮  紅色 潮流 穿搭,"$2,680"
"UHC 6吋左輪手槍 空氣槍 S (BB槍BB彈瓦斯槍蟒蛇牛仔城市獵人M29左輪槍6""PYTHON M357 M586",$650
"UHC 4吋左輪手槍 空氣槍 (BB槍BB彈玩具槍瓦斯槍蟒蛇牛仔城市獵人M29左輪槍4""PYTHON M357 M58",$650
Funny GUNKing Arms 4吋Python 357 Custom I CO2左輪-KA-PG-01-C1-M,"$3,080"
Funny GUNKing Arms 6吋 Python 357 Custom I 左輪手槍-KA-PG-01-C1-L,"$3,200"
Funny GUNKing Arms2.5吋Python 357Custom I CO2左輪-KA-PG-01-C1-S,"$2,970"
"UHC 4吋左輪手槍 空氣槍 (BB槍BB彈玩具槍瓦斯槍獵槍城市獵人M29左輪槍6""PYTHON M357 M586",$650
"UHC 4吋左輪手槍 空氣槍 銀 (BB槍BB彈玩具槍瓦斯槍獵槍城市獵人M29左輪槍6""PYTHON M357 M586",$650
"UHC 6吋左輪手槍 空氣槍 (BB槍BB彈玩具槍瓦斯槍手槍獵槍城市獵人M29左輪槍6""PYTHON M357 M586",$650
"UHC 6吋左輪手槍 空氣槍 銀 (BB槍BB彈玩具槍瓦斯槍獵槍城市獵人M29左輪槍6""PYTHON M357 M586",$650
R'代購 Nike Air Force 1 Low QS Python Snake 茶蛇  AO1635-100 男女,"$4,780"
(生存遊戲6MM BB槍全民槍戰CS)~檢便宜4吋左輪槍之銀色巨蟒PYTHON357空氣槍手槍生存遊戲附彈殼6發,$690
生存遊戲軍用品暨自行車運動用品專賣~檢便宜6吋左輪槍之黑色巨蟒PYTHON357空氣槍手槍生存遊戲BB彈附六發彈殼,$690
"UHC 2.5吋左輪手槍 空氣槍 (BB槍BB彈玩具槍瓦斯槍城市獵人M29左輪槍2.5""PYTHON M357 M586",$650
"UHC 8吋左輪手槍 空氣槍 (BB槍BB彈玩具槍瓦斯槍獵槍城市獵人M29左輪槍8""PYTHON M357 M586",$650
【原型軍品】全新 免運 KWC PYTHON M357 6吋 左輪 手槍 金屬 CO2 直壓槍 無刻字,"$2,660"
【原型軍品】全新 II KWC PYTHON M357 co2 原廠 左輪 彈殼 一盒6入 6吋 4吋,$490
【原型軍品】全新 II 免運 KWC PYTHON M357 2.5吋 左輪 手槍 金屬 CO2 無刻字,"$2,100"
球鞋補習班 NIKE AIR MAX 90 QS PYTHON 黑綠 蛇鱗紋 慢跑鞋 復古 男休閒 CD0916-001,"$3,580"
華山玩具King Arms Python 357 手槍系列專用彈殼 單顆,$120
【翔準軍品AOG】KWC 填彈器 左輪槍 PYTHON M357 4吋CO2左輪 金屬彈殼填彈器,$200
【BCS武器空間】King Arms 4吋Python 357 Custom I CO2左輪-KA-PG-01-C1-M,"$3,080"
【BCS武器空間】King Arms 6吋 Python 357 Custom I 左輪手槍-KA-PG-01-C1-L,"$3,200"
【BCS武器空間】King Arms2.5吋Python 357Custom I CO2左輪-KA-PG-01-C1-S,"$2,970"
生存遊戲軍用品暨自行車運動用品專~ADISI超低價6吋左輪槍之銀色巨蟒PYTHON357款瓦斯槍357手槍生存遊戲BB槍,$850
Washoes 出清 Nike Kobe 8 Lifestyle Python 蟒蛇 蛇紋 湖人 582552-700,"$1,000"
【BCS武器空間】預購King Arms 6吋左輪 Python 357/P357 瓦斯槍-KA-PG-01-L-G,"$3,680"
華山玩具King Arms 6吋左輪 戰術魚骨版 Python 357 Evil 瓦斯槍 黑色,"$4,290"
華山玩具King Arms 2.5吋左輪 Python 357/P357 瓦斯槍 黑色,"$3,470"
華山玩具King Arms 4吋左輪 Python 357/P357 瓦斯槍 黑色,"$3,580"
[小鷹小舖] Elite Grip Python Club Coil 高爾夫 揮桿練習器材 加重練習 粉20g/綠30g,$980
休閒運動 棒球服男女 人生苦短我用PYTHON程序員猿碼猴極客geek語言代碼衛衣棒球服外套,$935
【BCS武器空間】預購King Arms 4吋左輪 Python 357/P357 瓦斯槍-KA-PG-01-M-G,"$3,580"
【BCS武器空間】KingArms6吋左輪 戰術魚骨版Python357 Evil瓦斯槍 黑-KA-PG-04-BK-G,"$4,290"
【BCS武器空間】預購King Arms 2.5吋左輪 Python 357/P357瓦斯槍-KA-PG-01-S-G,"$3,470"
R‘代購 Nike Air Max 90 QS Python 黑蛇紋 CD0916-100,"$3,880"
【WKT】預購King Arms 4吋左輪 Python 357P357 瓦斯槍-KA-PG-01-M-G,"$3,580"
【WKT】KingArms6吋左輪 戰術魚骨版Python357 Evil瓦斯槍 黑-KA-PG-04-BK-G,"$4,290"
【WKT】King Arms 4吋Python 357 Custom I CO2左輪-KA-PG-01-C1-M,"$3,080"
【WKT】King Arms2.5吋Python 357Custom I CO2左輪-KA-PG-01-C1-S,"$2,970"
【AS】King Arms 4吋Python 357 Custom I CO2左輪-KA-PG-01-C1-M,"$3,080"
【AS】King Arms2.5吋Python 357Custom I CO2左輪-KA-PG-01-C1-S,"$2,970"
【AS】King Arms 6吋 Python 357 Custom I 左輪手槍-KA-PG-01-C1-L,"$3,200"
【日貨代購CITY】Nike Tier Zero Air Python SP AIR JORDAN AJ2 蛇紋 籃球鞋 復刻 白銀 現貨,"$3,980"
【AS】King Arms Python 357 手槍系列專用彈殼 單顆-KA-PP-06,$120
【AS】KingArms6吋左輪 戰術魚骨版Python357 Evil瓦斯槍 黑-KA-PG-04-BK-G,"$4,290"
【AS】預購King Arms 6吋左輪 Python 357/P357 瓦斯槍-KA-PG-01-L-G,"$3,680"
【WKT】King Arms 6吋 Python 357 Custom I 左輪手槍-KA-PG-01-C1-L,"$3,200"
【WKT】預購King Arms 2.5吋左輪 Python 357P357瓦斯槍-KA-PG-01-S-G,"$3,470"
【WKT】預購King Arms 6吋左輪 Python 357P357 瓦斯槍-KA-PG-01-L-G,"$3,680"
彈彈堂 KingArms6吋左輪 戰術魚骨版Python357 Evil瓦斯槍 黑-KA-PG-04-BK-G,"$4,290"
彈彈堂 King Arms Python 357 手槍系列專用彈殼 單顆-KA-PP-06,$120
彈彈堂 預購King Arms 6吋左輪 Python 357/P357 瓦斯槍-KA-PG-01-L-G,"$3,680"
Nike Air PYTHON白銀蛇紋潮鞋,"$1,890"
ARENA   X-PYTHON2  FINA認證競賽型三角泳褲ARN-7033M(SS/S),"$1,280"
ARENA  X-PYTHON2 FINA認證競賽型三角泳褲ARN-7027(130/140),"$1,180"
ARENA X-PYTHON2 FINA認證競賽型泳褲ARN-7032M(130/SS/S/M/L),"$1,880"
ARENA X-PYTHON2 FINA認證競賽型泳衣ARN-7025W(130/SS/S),"$1,980"
ARENA X-PYTHON2 FINA認證競賽型泳衣(SS/S)ARN-7031W,"$2,280"
晶予玩具槍~超長8吋左輪槍黑色巨蟒八吋PYTHON357空氣槍生存遊戲附彈殼(另售內紅點),$890
GOSPEL【Nike Air Max 90 QS “Python”】黑蛇紋 男鞋 慢跑鞋 CD0916-100,"$3,850"
(生存遊戲6MM BB槍全民槍戰CS)~超長8吋左輪槍黑色巨蟒八吋PYTHON357空氣槍生存遊戲附彈殼(另售內紅點),$890
【LX】Nike Air Max90 Qs Python 蛇紋 復古氣墊百搭休閑運動慢跑鞋-CD0916-001,"$3,520"
GOSPEL【 Nike Air Max 90 QS “Python”】綠蛇紋 男鞋 慢跑鞋 CD0916-001,"$3,850"
【LX】Nike Air Max90 Qs Python 黑白蛇紋 復古氣墊百搭休閑運動慢跑鞋-CD0916-100,"$3,600"
【LX】Nike Air Max90 Qs Python 灰白橘 女子氣墊百搭休閑運動慢跑鞋-616730-027,"$2,480"
晶予玩具槍~ADISI超低價6吋左輪槍之黑色巨蟒PYTHON357款瓦斯槍357手槍生存遊戲BB槍,$800
A.G Nike Air Force 1 Low QS Python Snake 茶蛇 AO1635-100 男女,"$3,400"
QQ蛋 King Arms 6吋 Python 357 Custom I 左輪手槍-KA-PG-01-C1-L,"$3,200"
QQ蛋 King Arms 4吋Python 357 Custom I CO2左輪-KA-PG-01-C1-M,"$3,080"
QQ蛋 King Arms2.5吋Python 357Custom I CO2左輪-KA-PG-01-C1-S,"$2,970"
QQ蛋 King Arms Python 357 手槍系列專用彈殼 單顆-KA-PP-06,$120
QQ蛋 KingArms6吋左輪 戰術魚骨版Python357 Evil瓦斯槍 黑-KA-PG-04-BK-G,"$4,290"
QQ蛋 預購King Arms 6吋左輪 Python 357/P357 瓦斯槍-KA-PG-01-L-G,"$3,680"
華山玩具King Arms 6吋 Python 357 Custom I 左輪手槍,"$3,200"
華山玩具King Arms 4吋 Python 357 Custom I CO2左輪,"$3,080"
華山玩具King Arms 2.5吋 Python 357 Custom I CO2左輪,"$2,970"
沃皮斯§ Nike Air Max 90 QS “Python” 黑蛇紋 男鞋 慢跑鞋 CD0916-100,"$3,850"
沃皮斯§ Nike Air Max 90 QS “Python” 綠蛇紋 男鞋 慢跑鞋 CD0916-001,"$3,850"
[01] KWC 4吋左輪手槍 CO2直壓槍(BB槍玩具槍電動槍城市獵人牛仔巨蟒蟒蛇PYTHON M357左輪槍4寸,"$2,380"
昇巨模型  HOGUE - Colt 轉輪手槍 / 指型包覆式橡膠握把套 - Kokusai - M29 .357 - Magnum Python !,"$1,900"
華山玩具CYBERGUN COLT P357 4吋全金屬左輪 PYTHON CO2直壓槍 6mm左輪槍,"$2,380"
【BCS武器空間】King Arms Python 357 手槍系列專用彈殼 單顆-KA-PP-06,$120
【翔準軍品AOG】King Arms Python 6吋左輪(黑) 瓦斯槍357 全金屬 King Arms 生存遊戲,"$3,680"
【翔準軍品AOG】King Arms Python 4吋左輪(黑) 瓦斯槍357 全金屬 King Arms 生存遊戲,"$3,580"
【翔準軍品AOG】King Arms Python 2.5吋左輪(黑) 瓦斯槍357 全金屬 King Arms 生存遊,"$3,470"
【翔準軍品AOG】King Arms Python 6吋戰術魚骨左輪(黑) 金屬 King Arms 生存遊戲 KA-,"$4,290"
武魅孃 King Arms 6吋 Python 357 Custom I 左輪手槍-KA-PG-01-C1-L,"$3,200"
武魅孃 King Arms 4吋Python 357 Custom I CO2左輪-KA-PG-01-C1-M,"$3,080"
武魅孃 King Arms2.5吋Python 357Custom I CO2左輪-KA-PG-01-C1-S,"$2,970"
(武莊)King Arms 6吋 Python 357 Custom I 左輪手槍-KA-PG-01-C1-L,"$3,200"
(武莊)King Arms 4吋Python 357 Custom I CO2左輪-KA-PG-01-C1-M,"$3,080"
